date,rainy_season,rainfall_index,holiday_period,fuel_price_ngn,usd_ngn_rate,port_congestion_index,disruption_event,disruption_severity
2024-02-18,0,0.29,0,181.5,804.0,28.0,None,0
2024-02-19,0,0.3,0,233.71,774.97,32.0,Weather Event,4
2024-02-20,0,0.25,0,181.86,793.99,36.0,None,0
2024-02-21,0,0.17,0,215.84,893.18,24.0,None,0
2024-02-22,0,0.31,0,201.02,789.19,41.0,None,0
2024-02-23,0,0.13,0,186.5,901.76,35.0,None,0
2024-02-24,0,0.32,0,213.13,923.25,31.0,None,0
2024-02-25,0,0.35,0,218.25,906.52,34.0,None,0
2024-02-26,0,0.11,0,194.84,815.17,25.0,None,0
2024-02-27,0,0.13,0,198.01,872.37,31.0,None,0
2024-02-28,0,0.16,0,197.49,922.38,36.0,None,0
2024-02-29,0,0.15,0,225.59,798.03,31.0,None,0
2024-03-01,0,0.29,0,215.34,883.89,39.0,None,0
2024-03-02,0,0.17,0,183.7,824.96,29.0,None,0
2024-03-03,0,0.38,0,235.02,825.95,36.0,None,0
2024-03-04,0,0.37,0,209.87,818.93,28.0,None,0
2024-03-05,0,0.18,0,217.66,923.53,31.0,None,0
2024-03-06,0,0.4,0,213.26,792.65,25.0,None,0
2024-03-07,0,0.29,0,230.6,848.03,25.0,None,0
2024-03-08,0,0.4,0,214.76,939.29,39.0,Strike,9
2024-03-09,0,0.33,0,229.51,836.82,29.0,None,0
2024-03-10,0,0.1,0,226.84,900.42,41.0,None,0
2024-03-11,0,0.25,0,189.46,886.06,39.0,None,0
2024-03-12,0,0.16,0,205.93,810.7,41.0,None,0
2024-03-13,0,0.38,0,219.82,865.84,26.0,None,0
2024-03-14,0,0.4,0,232.69,825.75,28.0,None,0
2024-03-15,0,0.12,0,228.28,922.4,42.0,None,0
2024-03-16,0,0.14,0,224.03,945.34,27.0,None,0
2024-03-17,0,0.28,0,242.86,943.61,38.0,None,0
2024-03-18,0,0.31,0,208.38,902.06,31.0,None,0
2024-03-19,0,0.24,0,199.26,802.02,24.0,None,0
2024-03-20,0,0.28,0,184.63,910.48,25.0,None,0
2024-03-21,0,0.11,0,204.62,879.32,29.0,None,0
2024-03-22,0,0.26,0,228.93,942.07,34.0,None,0
2024-03-23,0,0.24,0,209.64,811.33,36.0,None,0
2024-03-24,0,0.22,0,237.92,805.66,36.0,None,0
2024-03-25,0,0.12,0,229.73,932.06,26.0,None,0
2024-03-26,0,0.26,0,193.64,829.52,32.0,None,0
2024-03-27,0,0.12,0,234.99,943.82,26.0,None,0
2024-03-28,0,0.26,0,186.18,816.48,38.0,None,0
2024-03-29,0,0.22,0,215.15,947.75,40.0,None,0
2024-03-30,0,0.1,0,209.68,959.45,38.0,None,0
2024-03-31,0,0.31,0,230.88,936.47,36.0,None,0
2024-04-01,1,0.41,0,199.29,814.85,62.0,None,0
2024-04-02,1,0.49,0,189.05,886.88,68.0,None,0
2024-04-03,1,0.33,0,217.57,951.67,42.0,None,0
2024-04-04,1,0.82,0,211.27,968.25,57.0,None,0
2024-04-05,1,0.32,0,191.44,921.09,57.0,None,0
2024-04-06,1,0.46,0,228.11,863.75,48.0,None,0
2024-04-07,1,0.69,0,215.06,969.86,68.0,Customs Delay,10
2024-04-08,1,0.9,0,191.31,848.7,48.0,None,0
2024-04-09,1,0.83,0,241.66,876.57,45.0,None,0
2024-04-10,1,0.72,0,225.15,983.59,60.0,Customs Delay,5
2024-04-11,1,0.86,0,193.62,966.12,48.0,None,0
2024-04-12,1,0.75,0,196.99,864.86,46.0,None,0
2024-04-13,1,0.71,0,240.71,904.46,48.0,None,0
2024-04-14,1,0.33,0,227.22,961.43,41.0,None,0
2024-04-15,1,0.38,0,249.0,847.44,53.0,None,0
2024-04-16,1,0.64,0,194.83,983.88,61.0,None,0
2024-04-17,1,0.32,0,211.1,917.23,53.0,Political Unrest,1
2024-04-18,1,0.84,0,201.27,865.92,43.0,None,0
2024-04-19,1,0.83,0,213.73,931.38,45.0,None,0
2024-04-20,1,0.82,0,249.67,965.57,66.0,Political Unrest,7
2024-04-21,1,0.78,0,242.8,966.79,48.0,None,0
2024-04-22,1,0.36,0,243.48,976.34,47.0,None,0
2024-04-23,1,0.58,0,207.98,966.55,47.0,Weather Event,7
2024-04-24,1,0.5,0,243.34,997.71,48.0,None,0
2024-04-25,1,0.54,0,250.87,923.71,68.0,None,0
2024-04-26,1,0.88,0,200.44,999.47,48.0,None,0
2024-04-27,1,0.56,0,235.29,887.05,58.0,None,0
2024-04-28,1,0.53,0,225.86,877.83,61.0,Customs Delay,4
2024-04-29,1,0.52,0,194.01,950.85,50.0,None,0
2024-04-30,1,0.81,0,235.24,888.05,49.0,None,0
2024-05-01,1,0.54,0,208.57,858.7,53.0,None,0
2024-05-02,1,0.71,0,247.16,945.83,49.0,None,0
2024-05-03,1,0.3,0,208.31,914.25,57.0,None,0
2024-05-04,1,0.58,0,218.3,877.19,54.0,None,0
2024-05-05,1,0.78,0,201.16,855.47,55.0,None,0
2024-05-06,1,0.5,0,242.51,974.58,60.0,None,0
2024-05-07,1,0.42,0,192.22,885.99,54.0,None,0
2024-05-08,1,0.34,0,217.16,955.45,46.0,None,0
2024-05-09,1,0.6,0,206.46,961.31,40.0,None,0
2024-05-10,1,0.76,0,197.86,921.38,45.0,None,0
2024-05-11,1,0.61,0,194.41,891.16,65.0,None,0
2024-05-12,1,0.78,0,233.92,1024.1,58.0,None,0
2024-05-13,1,0.83,0,230.58,977.36,55.0,None,0
2024-05-14,1,0.63,0,248.91,982.92,54.0,None,0
2024-05-15,1,0.45,0,232.5,988.1,56.0,None,0
2024-05-16,1,0.46,0,196.84,903.21,48.0,None,0
2024-05-17,1,0.62,0,200.87,894.53,61.0,None,0
2024-05-18,1,0.34,0,218.26,951.61,52.0,None,0
2024-05-19,1,0.55,0,250.28,960.24,61.0,None,0
2024-05-20,1,0.76,0,216.82,857.2,51.0,None,0
2024-05-21,1,0.81,0,253.75,932.8,62.0,None,0
2024-05-22,1,0.66,0,206.86,897.88,53.0,Political Unrest,7
2024-05-23,1,0.73,0,246.85,1025.62,69.0,None,0
2024-05-24,1,0.84,0,231.03,980.4,43.0,None,0
2024-05-25,1,0.82,0,204.79,908.54,50.0,None,0
2024-05-26,1,0.5,0,249.89,912.93,69.0,None,0
2024-05-27,1,0.8,0,223.68,999.61,42.0,None,0
2024-05-28,1,0.43,0,197.93,1038.73,41.0,Weather Event,4
2024-05-29,1,0.8,0,233.74,909.01,54.0,None,0
2024-05-30,1,0.87,0,223.81,913.34,51.0,None,0
2024-05-31,1,0.88,0,240.34,1009.71,45.0,None,0
2024-06-01,1,0.65,0,254.12,973.98,67.0,None,0
2024-06-02,1,0.86,0,207.01,978.14,65.0,None,0
2024-06-03,1,0.72,0,213.84,996.21,64.0,None,0
2024-06-04,1,0.64,0,197.11,969.6,60.0,None,0
2024-06-05,1,0.69,0,195.4,950.05,55.0,None,0
2024-06-06,1,0.52,0,252.58,958.49,45.0,None,0
2024-06-07,1,0.61,0,237.1,988.4,68.0,None,0
2024-06-08,1,0.58,0,248.65,985.26,50.0,None,0
2024-06-09,1,0.86,0,213.26,960.28,63.0,None,0
2024-06-10,1,0.7,0,217.15,969.46,50.0,None,0
2024-06-11,1,0.51,0,212.22,930.89,58.0,None,0
2024-06-12,1,0.63,0,229.2,915.58,47.0,None,0
2024-06-13,1,0.63,0,211.33,969.54,61.0,None,0
2024-06-14,1,0.31,0,215.0,957.38,47.0,None,0
2024-06-15,1,0.52,0,232.08,947.24,70.0,None,0
2024-06-16,1,0.51,0,225.72,941.44,47.0,None,0
2024-06-17,1,0.49,0,244.78,1062.64,61.0,None,0
2024-06-18,1,0.74,0,214.43,996.47,63.0,None,0
2024-06-19,1,0.89,0,251.0,942.84,51.0,None,0
2024-06-20,1,0.72,0,204.9,897.05,42.0,None,0
2024-06-21,1,0.87,0,238.57,1030.56,43.0,Political Unrest,8
2024-06-22,1,0.59,0,219.23,1071.66,48.0,None,0
2024-06-23,1,0.37,0,201.3,983.98,57.0,None,0
2024-06-24,1,0.39,0,250.45,1071.09,43.0,None,0
2024-06-25,1,0.63,0,224.65,1005.93,59.0,None,0
2024-06-26,1,0.53,0,257.2,950.82,58.0,None,0
2024-06-27,1,0.64,0,201.52,1076.93,43.0,None,0
2024-06-28,1,0.68,0,215.12,912.22,47.0,None,0
2024-06-29,1,0.39,0,224.76,1028.26,54.0,Political Unrest,5
2024-06-30,1,0.72,0,227.91,1029.08,68.0,None,0
2024-07-01,1,0.68,0,241.75,1076.94,53.0,None,0
2024-07-02,1,0.69,0,258.25,1057.89,42.0,None,0
2024-07-03,1,0.48,0,247.88,1010.22,49.0,None,0
2024-07-04,1,0.71,0,244.79,1082.41,55.0,None,0
2024-07-05,1,0.35,0,201.27,986.45,50.0,None,0
2024-07-06,1,0.35,0,262.5,1064.57,57.0,None,0
2024-07-07,1,0.9,0,243.47,957.72,41.0,None,0
2024-07-08,1,0.58,0,242.26,1082.33,45.0,None,0
2024-07-09,1,0.68,0,231.82,925.84,50.0,None,0
2024-07-10,1,0.7,0,256.29,972.58,61.0,None,0
2024-07-11,1,0.87,0,253.53,1015.92,54.0,None,0
2024-07-12,1,0.49,0,264.12,989.09,55.0,None,0
2024-07-13,1,0.69,0,235.83,991.96,46.0,None,0
2024-07-14,1,0.75,0,241.51,1059.79,46.0,None,0
2024-07-15,1,0.86,0,229.18,1049.12,44.0,None,0
2024-07-16,1,0.67,0,216.08,946.24,57.0,None,0
2024-07-17,1,0.36,0,266.48,1092.95,54.0,None,0
2024-07-18,1,0.8,0,233.67,1056.26,55.0,None,0
2024-07-19,1,0.8,0,266.04,965.99,57.0,None,0
2024-07-20,1,0.85,0,234.65,1090.18,66.0,None,0
2024-07-21,1,0.77,0,228.56,1102.06,55.0,None,0
2024-07-22,1,0.47,0,220.92,1035.9,70.0,None,0
2024-07-23,1,0.39,0,237.16,990.08,57.0,None,0
2024-07-24,1,0.57,0,222.77,960.77,61.0,None,0
2024-07-25,1,0.44,0,253.38,933.61,62.0,None,0
2024-07-26,1,0.79,0,227.39,1055.56,65.0,None,0
2024-07-27,1,0.6,0,204.09,1025.25,58.0,None,0
2024-07-28,1,0.82,0,231.34,1031.03,54.0,None,0
2024-07-29,1,0.55,0,245.93,959.49,54.0,None,0
2024-07-30,1,0.5,0,248.65,1057.61,66.0,None,0
2024-07-31,1,0.82,0,227.75,993.47,62.0,None,0
2024-08-01,1,0.82,0,204.7,945.86,59.0,None,0
2024-08-02,1,0.9,0,252.79,1018.75,43.0,None,0
2024-08-03,1,0.82,0,232.5,1071.05,67.0,Strike,5
2024-08-04,1,0.52,0,231.78,983.66,52.0,None,0
2024-08-05,1,0.41,0,214.65,1056.78,51.0,None,0
2024-08-06,1,0.6,0,242.4,983.48,59.0,None,0
2024-08-07,1,0.7,0,263.94,1030.64,49.0,None,0
2024-08-08,1,0.34,0,267.25,1135.14,49.0,None,0
2024-08-09,1,0.71,0,234.32,1000.62,70.0,None,0
2024-08-10,1,0.36,0,229.36,1013.0,49.0,None,0
2024-08-11,1,0.31,0,259.96,1021.44,40.0,None,0
2024-08-12,1,0.77,0,269.89,1124.88,62.0,None,0
2024-08-13,1,0.84,0,256.62,990.74,64.0,None,0
2024-08-14,1,0.41,0,221.08,1096.49,63.0,None,0
2024-08-15,1,0.38,0,210.78,1072.16,41.0,None,0
2024-08-16,1,0.32,0,229.15,974.33,67.0,None,0
2024-08-17,1,0.55,0,218.12,1106.31,66.0,None,0
2024-08-18,1,0.6,0,223.15,983.11,67.0,None,0
2024-08-19,1,0.88,0,224.84,1125.54,64.0,None,0
2024-08-20,1,0.35,0,256.33,997.51,60.0,None,0
2024-08-21,1,0.54,0,262.76,1065.18,43.0,None,0
2024-08-22,1,0.46,0,213.56,1028.43,62.0,None,0
2024-08-23,1,0.53,0,248.93,1030.13,60.0,None,0
2024-08-24,1,0.67,0,269.95,1022.51,58.0,None,0
2024-08-25,1,0.68,0,237.32,1098.83,59.0,None,0
2024-08-26,1,0.33,0,208.2,1159.53,43.0,None,0
2024-08-27,1,0.62,0,232.44,1034.55,68.0,None,0
2024-08-28,1,0.62,0,246.24,1107.59,67.0,None,0
2024-08-29,1,0.8,0,248.34,1151.81,48.0,None,0
2024-08-30,1,0.43,0,236.75,1010.59,51.0,None,0
2024-08-31,1,0.52,0,268.34,1094.61,42.0,None,0
2024-09-01,1,0.88,0,271.77,1132.23,43.0,None,0
2024-09-02,1,0.68,0,273.47,976.15,50.0,None,0
2024-09-03,1,0.77,0,220.87,1135.83,57.0,None,0
2024-09-04,1,0.79,0,222.93,1125.76,64.0,None,0
2024-09-05,1,0.47,0,274.9,1170.46,56.0,None,0
2024-09-06,1,0.37,0,266.96,996.96,51.0,None,0
2024-09-07,1,0.65,0,208.36,1025.34,44.0,None,0
2024-09-08,1,0.37,0,211.8,1063.88,51.0,None,0
2024-09-09,1,0.57,0,222.87,1099.2,62.0,None,0
2024-09-10,1,0.7,0,228.56,1106.17,41.0,None,0
2024-09-11,1,0.81,0,237.34,997.44,61.0,None,0
2024-09-12,1,0.84,0,230.27,1006.8,44.0,None,0
2024-09-13,1,0.65,0,257.47,1055.73,58.0,None,0
2024-09-14,1,0.6,0,238.07,1141.77,43.0,None,0
2024-09-15,1,0.83,0,246.64,1157.91,53.0,None,0
2024-09-16,1,0.55,0,265.99,1062.8,62.0,None,0
2024-09-17,1,0.49,0,226.35,1178.59,61.0,None,0
2024-09-18,1,0.35,0,214.7,1071.92,62.0,None,0
2024-09-19,1,0.38,0,213.07,1181.73,57.0,None,0
2024-09-20,1,0.55,0,269.89,1179.77,53.0,None,0
2024-09-21,1,0.33,0,229.21,1050.56,43.0,None,0
2024-09-22,1,0.39,0,242.93,1162.78,51.0,None,0
2024-09-23,1,0.37,0,228.88,1034.84,53.0,None,0
2024-09-24,1,0.76,0,253.0,1129.37,57.0,None,0
2024-09-25,1,0.69,0,258.17,995.93,48.0,None,0
2024-09-26,1,0.85,0,234.39,1028.79,44.0,None,0
2024-09-27,1,0.34,0,261.83,1194.94,43.0,None,0
2024-09-28,1,0.53,0,241.88,1025.94,49.0,None,0
2024-09-29,1,0.86,0,252.02,1178.95,45.0,None,0
2024-09-30,1,0.33,0,216.1,1087.96,53.0,None,0
2024-10-01,1,0.55,0,225.64,1103.62,50.0,None,0
2024-10-02,1,0.71,0,252.29,1107.84,49.0,None,0
2024-10-03,1,0.89,0,214.63,1041.22,68.0,None,0
2024-10-04,1,0.76,0,231.26,1024.55,55.0,None,0
2024-10-05,1,0.38,0,248.52,1048.81,57.0,None,0
2024-10-06,1,0.51,0,239.14,1157.83,53.0,None,0
2024-10-07,1,0.35,0,233.37,1093.04,52.0,None,0
2024-10-08,1,0.47,0,240.0,1207.6,45.0,None,0
2024-10-09,1,0.58,0,260.23,1081.05,53.0,None,0
2024-10-10,1,0.56,0,239.99,1022.22,66.0,None,0
2024-10-11,1,0.43,0,266.88,1022.81,59.0,None,0
2024-10-12,1,0.42,0,266.85,1082.15,69.0,None,0
2024-10-13,1,0.39,0,219.4,1063.07,45.0,None,0
2024-10-14,1,0.76,0,217.6,1211.98,59.0,None,0
2024-10-15,1,0.64,0,253.43,1155.75,66.0,None,0
2024-10-16,1,0.89,0,235.43,1218.68,49.0,None,0
2024-10-17,1,0.58,0,257.43,1182.7,58.0,None,0
2024-10-18,1,0.34,0,245.56,1021.96,51.0,None,0
2024-10-19,1,0.69,0,282.31,1034.27,58.0,None,0
2024-10-20,1,0.65,0,280.85,1174.08,41.0,None,0
2024-10-21,1,0.64,0,226.59,1146.61,55.0,None,0
2024-10-22,1,0.57,0,271.02,1197.6,69.0,None,0
2024-10-23,1,0.69,0,216.27,1170.99,70.0,None,0
2024-10-24,1,0.67,0,239.53,1217.36,52.0,None,0
2024-10-25,1,0.71,0,217.48,1156.89,50.0,None,0
2024-10-26,1,0.63,0,241.45,1076.53,66.0,None,0
2024-10-27,1,0.66,0,224.75,1040.9,60.0,None,0
2024-10-28,1,0.49,0,260.99,1167.18,44.0,None,0
2024-10-29,1,0.35,0,254.21,1164.35,50.0,None,0
2024-10-30,1,0.72,0,282.12,1241.96,67.0,None,0
2024-10-31,1,0.7,0,250.93,1031.46,49.0,None,0
2024-11-01,0,0.2,0,269.52,1070.14,42.0,None,0
2024-11-02,0,0.19,0,271.27,1139.66,34.0,None,0
2024-11-03,0,0.26,0,262.4,1220.81,35.0,None,0
2024-11-04,0,0.15,0,228.07,1182.19,35.0,None,0
2024-11-05,0,0.32,0,218.37,1111.95,37.0,None,0
2024-11-06,0,0.28,0,269.38,1204.38,28.0,None,0
2024-11-07,0,0.39,0,271.85,1231.77,27.0,None,0
2024-11-08,0,0.27,0,247.31,1203.68,38.0,None,0
2024-11-09,0,0.23,0,227.43,1080.52,35.0,None,0
2024-11-10,0,0.12,0,250.5,1119.09,41.0,None,0
2024-11-11,0,0.25,0,225.02,1057.36,27.0,None,0
2024-11-12,0,0.25,0,276.07,1060.14,40.0,None,0
2024-11-13,0,0.37,0,283.41,1132.04,31.0,None,0
2024-11-14,0,0.22,0,222.34,1091.41,30.0,None,0
2024-11-15,0,0.31,0,240.79,1075.27,25.0,None,0
2024-11-16,0,0.24,0,276.76,1211.06,32.0,None,0
2024-11-17,0,0.37,0,218.23,1092.74,27.0,None,0
2024-11-18,0,0.28,0,247.6,1217.31,28.0,None,0
2024-11-19,0,0.17,0,263.37,1184.7,25.0,None,0
2024-11-20,0,0.25,0,256.08,1187.91,34.0,None,0
2024-11-21,0,0.19,0,217.51,1127.42,34.0,None,0
2024-11-22,0,0.3,0,255.49,1130.26,41.0,None,0
2024-11-23,0,0.34,0,254.5,1056.06,40.0,Port Closure,6
2024-11-24,0,0.18,0,218.98,1227.34,30.0,None,0
2024-11-25,0,0.29,0,273.98,1216.72,30.0,Customs Delay,6
2024-11-26,0,0.34,0,230.8,1227.69,32.0,None,0
2024-11-27,0,0.29,0,277.23,1069.76,38.0,None,0
2024-11-28,0,0.19,0,221.53,1101.16,25.0,None,0
2024-11-29,0,0.25,0,290.51,1178.76,29.0,None,0
2024-11-30,0,0.16,0,244.62,1232.94,40.0,None,0
2024-12-01,0,0.14,1,245.58,1258.4,56.0,None,0
2024-12-02,0,0.22,1,289.92,1171.79,49.0,None,0
2024-12-03,0,0.26,1,277.5,1224.57,38.0,None,0
2024-12-04,0,0.35,1,259.0,1134.94,38.0,None,0
2024-12-05,0,0.19,1,263.33,1159.55,55.0,None,0
2024-12-06,0,0.11,1,283.05,1144.2,63.0,None,0
2024-12-07,0,0.39,1,288.93,1083.03,53.0,None,0
2024-12-08,0,0.34,1,269.44,1281.3,40.0,None,0
2024-12-09,0,0.33,1,222.37,1083.4,57.0,None,0
2024-12-10,0,0.21,1,261.55,1205.54,54.0,None,0
2024-12-11,0,0.21,1,276.08,1199.69,50.0,None,0
2024-12-12,0,0.29,1,238.55,1097.0,56.0,None,0
2024-12-13,0,0.22,1,261.62,1131.56,43.0,None,0
2024-12-14,0,0.4,1,241.49,1280.62,49.0,None,0
2024-12-15,0,0.36,1,253.88,1277.84,48.0,None,0
2024-12-16,0,0.3,1,282.99,1147.96,45.0,None,0
2024-12-17,0,0.26,1,286.54,1269.6,55.0,None,0
2024-12-18,0,0.29,1,279.52,1193.11,39.0,None,0
2024-12-19,0,0.14,1,279.45,1084.69,51.0,None,0
2024-12-20,0,0.34,1,262.0,1218.88,38.0,None,0
2024-12-21,0,0.4,1,274.51,1200.43,57.0,None,0
2024-12-22,0,0.12,1,293.4,1228.16,48.0,None,0
2024-12-23,0,0.2,1,286.6,1260.79,53.0,None,0
2024-12-24,0,0.39,1,253.84,1291.77,37.0,None,0
2024-12-25,0,0.15,1,234.17,1158.7,55.0,None,0
2024-12-26,0,0.38,1,288.38,1279.45,43.0,None,0
2024-12-27,0,0.27,1,231.53,1156.39,50.0,None,0
2024-12-28,0,0.15,1,292.19,1123.45,54.0,None,0
2024-12-29,0,0.28,1,285.02,1218.41,58.0,Strike,10
2024-12-30,0,0.18,1,238.31,1221.54,53.0,Customs Delay,5
2024-12-31,0,0.29,1,245.23,1147.52,58.0,None,0
2025-01-01,0,0.24,1,274.1,1128.66,47.0,None,0
2025-01-02,0,0.2,1,233.75,1291.65,45.0,None,0
2025-01-03,0,0.2,1,252.86,1269.66,50.0,None,0
2025-01-04,0,0.17,1,232.46,1199.13,40.0,None,0
2025-01-05,0,0.38,1,287.84,1193.01,62.0,None,0
2025-01-06,0,0.34,1,293.2,1264.16,41.0,None,0
2025-01-07,0,0.4,1,258.56,1301.89,49.0,None,0
2025-01-08,0,0.22,1,258.0,1155.35,52.0,Political Unrest,8
2025-01-09,0,0.28,1,286.95,1256.51,44.0,Strike,7
2025-01-10,0,0.14,1,243.91,1186.55,47.0,Strike,10
2025-01-11,0,0.27,1,251.38,1169.76,46.0,None,0
2025-01-12,0,0.26,1,286.15,1248.63,52.0,None,0
2025-01-13,0,0.13,1,252.48,1334.38,51.0,None,0
2025-01-14,0,0.14,1,269.81,1199.35,37.0,Political Unrest,8
2025-01-15,0,0.26,1,235.98,1315.08,40.0,None,0
2025-01-16,0,0.2,1,254.42,1251.79,59.0,None,0
2025-01-17,0,0.25,1,263.33,1223.4,51.0,None,0
2025-01-18,0,0.1,1,250.09,1135.69,47.0,None,0
2025-01-19,0,0.37,1,290.87,1258.32,52.0,None,0
2025-01-20,0,0.3,1,298.56,1247.61,42.0,None,0
2025-01-21,0,0.24,1,265.06,1282.23,57.0,None,0
2025-01-22,0,0.35,1,243.99,1248.57,55.0,None,0
2025-01-23,0,0.23,1,257.43,1212.26,42.0,None,0
2025-01-24,0,0.28,1,261.57,1315.73,56.0,None,0
2025-01-25,0,0.26,1,268.46,1352.19,49.0,None,0
2025-01-26,0,0.39,1,260.98,1243.97,51.0,None,0
2025-01-27,0,0.36,1,277.82,1308.88,43.0,None,0
2025-01-28,0,0.39,1,247.65,1190.94,61.0,None,0
2025-01-29,0,0.33,1,279.98,1284.55,49.0,None,0
2025-01-30,0,0.27,1,297.51,1293.17,44.0,None,0
2025-01-31,0,0.26,1,294.75,1216.99,45.0,None,0
2025-02-01,0,0.14,0,230.3,1350.9,25.0,None,0
2025-02-02,0,0.3,0,283.86,1176.46,39.0,None,0
2025-02-03,0,0.27,0,247.97,1152.71,37.0,None,0
2025-02-04,0,0.12,0,296.17,1181.42,28.0,None,0
2025-02-05,0,0.2,0,263.5,1290.78,26.0,None,0
2025-02-06,0,0.39,0,239.78,1285.24,40.0,None,0
2025-02-07,0,0.3,0,285.36,1199.37,29.0,None,0
2025-02-08,0,0.33,0,277.65,1187.36,37.0,None,0
2025-02-09,0,0.11,0,298.29,1232.75,39.0,None,0
2025-02-10,0,0.11,0,291.97,1322.24,27.0,None,0
2025-02-11,0,0.36,0,250.51,1144.11,29.0,None,0
2025-02-12,0,0.38,0,254.13,1244.88,36.0,None,0
2025-02-13,0,0.37,0,238.97,1257.96,29.0,None,0
2025-02-14,0,0.2,0,284.65,1293.65,37.0,Political Unrest,5
2025-02-15,0,0.27,0,286.81,1181.43,39.0,None,0
2025-02-16,0,0.35,0,268.5,1161.2,36.0,None,0
2025-02-17,0,0.14,0,254.01,1201.03,29.0,None,0
2025-02-18,0,0.33,0,302.37,1215.09,37.0,Political Unrest,4
2025-02-19,0,0.12,0,238.59,1217.38,31.0,None,0
2025-02-20,0,0.37,0,283.54,1219.49,26.0,None,0
2025-02-21,0,0.19,0,276.9,1198.45,26.0,None,0
2025-02-22,0,0.32,0,276.38,1247.04,34.0,None,0
2025-02-23,0,0.26,0,281.02,1200.47,28.0,None,0
2025-02-24,0,0.36,0,236.5,1256.78,37.0,None,0
2025-02-25,0,0.27,0,235.1,1282.35,33.0,None,0
2025-02-26,0,0.14,0,255.7,1276.9,26.0,None,0
2025-02-27,0,0.27,0,237.62,1275.64,39.0,None,0
2025-02-28,0,0.25,0,265.9,1166.93,32.0,None,0
2025-03-01,0,0.32,0,261.37,1352.31,37.0,None,0
2025-03-02,0,0.11,0,257.56,1170.51,42.0,None,0
2025-03-03,0,0.12,0,303.12,1163.78,31.0,None,0
2025-03-04,0,0.33,0,306.73,1314.44,32.0,None,0
2025-03-05,0,0.21,0,298.52,1379.23,31.0,None,0
2025-03-06,0,0.3,0,273.2,1318.68,30.0,None,0
2025-03-07,0,0.26,0,272.55,1338.02,28.0,Strike,5
2025-03-08,0,0.24,0,287.41,1264.97,31.0,None,0
2025-03-09,0,0.24,0,243.97,1208.45,40.0,None,0
2025-03-10,0,0.11,0,283.19,1313.98,41.0,None,0
2025-03-11,0,0.17,0,237.45,1310.01,32.0,None,0
2025-03-12,0,0.36,0,251.34,1176.31,32.0,None,0
2025-03-13,0,0.33,0,292.66,1200.92,42.0,None,0
2025-03-14,0,0.37,0,277.33,1309.49,38.0,None,0
2025-03-15,0,0.17,0,300.78,1411.1,33.0,None,0
2025-03-16,0,0.18,0,276.14,1315.33,37.0,None,0
2025-03-17,0,0.3,0,276.24,1182.24,30.0,None,0
2025-03-18,0,0.21,0,273.96,1343.5,31.0,None,0
2025-03-19,0,0.16,0,275.16,1232.27,28.0,None,0
2025-03-20,0,0.14,0,269.49,1188.06,31.0,None,0
2025-03-21,0,0.26,0,263.84,1237.94,30.0,None,0
2025-03-22,0,0.23,0,262.64,1308.51,39.0,None,0
2025-03-23,0,0.21,0,281.03,1186.75,25.0,None,0
2025-03-24,0,0.28,0,286.37,1231.82,28.0,None,0
2025-03-25,0,0.19,0,305.08,1231.62,27.0,None,0
2025-03-26,0,0.32,0,293.18,1407.27,37.0,None,0
2025-03-27,0,0.22,0,253.11,1261.11,29.0,None,0
2025-03-28,0,0.29,0,258.65,1271.69,40.0,None,0
2025-03-29,0,0.34,0,291.19,1372.95,30.0,None,0
2025-03-30,0,0.19,0,238.39,1399.7,37.0,Customs Delay,10
2025-03-31,0,0.27,0,267.65,1223.35,30.0,None,0
2025-04-01,1,0.8,0,274.21,1349.85,61.0,None,0
2025-04-02,1,0.79,0,310.99,1347.82,55.0,None,0
2025-04-03,1,0.78,0,248.63,1368.67,55.0,None,0
2025-04-04,1,0.63,0,285.86,1204.2,41.0,None,0
2025-04-05,1,0.87,0,288.1,1382.11,52.0,None,0
2025-04-06,1,0.44,0,291.33,1193.88,55.0,None,0
2025-04-07,1,0.67,0,288.32,1347.43,54.0,None,0
2025-04-08,1,0.3,0,279.43,1196.65,56.0,None,0
2025-04-09,1,0.89,0,237.51,1399.25,60.0,None,0
2025-04-10,1,0.85,0,244.72,1220.01,44.0,None,0
2025-04-11,1,0.62,0,300.68,1264.17,52.0,None,0
2025-04-12,1,0.54,0,281.12,1447.57,47.0,None,0
2025-04-13,1,0.81,0,288.28,1415.51,63.0,None,0
2025-04-14,1,0.53,0,280.47,1214.12,40.0,None,0
2025-04-15,1,0.6,0,271.24,1399.31,57.0,None,0
2025-04-16,1,0.36,0,278.85,1212.8,46.0,None,0
2025-04-17,1,0.83,0,274.84,1214.87,42.0,None,0
2025-04-18,1,0.84,0,281.96,1212.47,68.0,None,0
2025-04-19,1,0.88,0,283.99,1396.03,61.0,None,0
2025-04-20,1,0.35,0,250.51,1267.28,65.0,None,0
2025-04-21,1,0.84,0,264.07,1399.31,44.0,None,0
2025-04-22,1,0.73,0,277.63,1456.15,42.0,None,0
2025-04-23,1,0.8,0,265.08,1405.14,69.0,None,0
2025-04-24,1,0.76,0,240.54,1280.04,70.0,None,0
2025-04-25,1,0.51,0,313.08,1321.58,60.0,None,0
2025-04-26,1,0.35,0,287.63,1416.2,61.0,None,0
2025-04-27,1,0.39,0,295.19,1375.48,62.0,None,0
2025-04-28,1,0.36,0,239.14,1293.4,51.0,None,0
2025-04-29,1,0.38,0,253.78,1330.49,57.0,None,0
2025-04-30,1,0.32,0,267.19,1240.5,58.0,None,0
2025-05-01,1,0.53,0,262.39,1317.13,43.0,None,0
2025-05-02,1,0.84,0,317.28,1365.51,45.0,None,0
2025-05-03,1,0.38,0,263.43,1346.43,42.0,None,0
2025-05-04,1,0.55,0,278.2,1240.62,48.0,None,0
2025-05-05,1,0.68,0,287.11,1272.19,43.0,None,0
2025-05-06,1,0.87,0,266.36,1382.61,64.0,None,0
2025-05-07,1,0.5,0,305.16,1445.46,69.0,None,0
2025-05-08,1,0.49,0,315.88,1276.82,49.0,None,0
2025-05-09,1,0.88,0,263.55,1405.45,55.0,None,0
2025-05-10,1,0.45,0,270.47,1438.05,52.0,None,0
2025-05-11,1,0.64,0,287.95,1369.24,60.0,None,0
2025-05-12,1,0.87,0,277.64,1412.52,53.0,None,0
2025-05-13,1,0.72,0,306.47,1436.33,52.0,None,0
2025-05-14,1,0.68,0,260.32,1402.03,61.0,None,0
2025-05-15,1,0.34,0,320.61,1356.67,52.0,None,0
2025-05-16,1,0.85,0,296.76,1374.55,64.0,None,0
2025-05-17,1,0.84,0,284.47,1400.28,43.0,None,0
2025-05-18,1,0.69,0,269.99,1403.76,41.0,None,0
2025-05-19,1,0.71,0,273.74,1432.46,69.0,None,0
2025-05-20,1,0.31,0,262.54,1370.62,56.0,None,0
2025-05-21,1,0.65,0,277.76,1340.6,63.0,None,0
2025-05-22,1,0.6,0,269.79,1246.07,43.0,None,0
2025-05-23,1,0.88,0,251.47,1486.4,44.0,None,0
2025-05-24,1,0.57,0,258.94,1367.99,54.0,None,0
2025-05-25,1,0.72,0,268.13,1321.35,64.0,None,0
2025-05-26,1,0.81,0,294.88,1421.15,45.0,None,0
2025-05-27,1,0.45,0,256.75,1286.85,57.0,None,0
2025-05-28,1,0.44,0,275.55,1294.31,59.0,None,0
2025-05-29,1,0.32,0,292.63,1298.77,58.0,None,0
2025-05-30,1,0.72,0,259.72,1445.68,64.0,None,0
2025-05-31,1,0.36,0,313.86,1298.22,50.0,None,0
2025-06-01,1,0.46,0,313.28,1388.99,59.0,None,0
2025-06-02,1,0.67,0,291.09,1342.79,65.0,None,0
2025-06-03,1,0.79,0,300.91,1330.61,58.0,None,0
2025-06-04,1,0.38,0,253.3,1333.81,45.0,None,0
2025-06-05,1,0.61,0,277.85,1290.69,52.0,None,0
2025-06-06,1,0.68,0,300.39,1425.86,70.0,None,0
2025-06-07,1,0.59,0,255.54,1339.58,54.0,None,0
2025-06-08,1,0.52,0,245.04,1293.56,64.0,None,0
2025-06-09,1,0.6,0,284.72,1439.87,52.0,None,0
2025-06-10,1,0.59,0,251.27,1267.69,63.0,None,0
2025-06-11,1,0.46,0,288.51,1305.19,54.0,None,0
2025-06-12,1,0.76,0,289.66,1291.67,43.0,None,0
2025-06-13,1,0.79,0,274.89,1481.31,41.0,None,0
2025-06-14,1,0.63,0,325.92,1290.94,65.0,None,0
2025-06-15,1,0.48,0,326.88,1384.48,50.0,None,0
2025-06-16,1,0.56,0,326.63,1472.47,47.0,None,0
2025-06-17,1,0.65,0,274.17,1456.38,59.0,None,0
2025-06-18,1,0.38,0,262.53,1323.11,42.0,None,0
2025-06-19,1,0.47,0,289.88,1355.38,61.0,None,0
2025-06-20,1,0.46,0,316.2,1533.44,60.0,None,0
2025-06-21,1,0.88,0,310.45,1516.85,70.0,None,0
2025-06-22,1,0.38,0,317.21,1338.91,61.0,None,0
2025-06-23,1,0.76,0,301.8,1404.28,57.0,None,0
2025-06-24,1,0.55,0,283.55,1444.1,66.0,None,0
2025-06-25,1,0.61,0,269.42,1526.55,51.0,None,0
2025-06-26,1,0.5,0,246.89,1484.22,62.0,None,0
2025-06-27,1,0.58,0,301.47,1373.6,42.0,None,0
2025-06-28,1,0.43,0,282.33,1335.33,48.0,None,0
2025-06-29,1,0.5,0,294.7,1431.85,55.0,None,0
2025-06-30,1,0.71,0,251.22,1307.25,64.0,None,0
2025-07-01,1,0.37,0,318.08,1400.51,40.0,None,0
2025-07-02,1,0.42,0,304.31,1318.12,59.0,None,0
2025-07-03,1,0.86,0,270.25,1460.43,48.0,None,0
2025-07-04,1,0.84,0,261.44,1391.78,49.0,None,0
2025-07-05,1,0.44,0,302.07,1476.1,40.0,None,0
2025-07-06,1,0.38,0,266.74,1470.87,40.0,None,0
2025-07-07,1,0.79,0,329.92,1402.21,44.0,None,0
2025-07-08,1,0.53,0,308.8,1316.56,49.0,None,0
2025-07-09,1,0.38,0,312.5,1494.33,44.0,None,0
2025-07-10,1,0.39,0,292.54,1293.16,60.0,None,0
2025-07-11,1,0.73,0,300.79,1333.08,52.0,None,0
2025-07-12,1,0.82,0,256.04,1320.3,63.0,None,0
2025-07-13,1,0.53,0,328.93,1379.67,44.0,None,0
2025-07-14,1,0.35,0,295.07,1458.63,58.0,None,0
2025-07-15,1,0.71,0,319.7,1475.74,49.0,None,0
2025-07-16,1,0.61,0,311.56,1377.84,42.0,None,0
2025-07-17,1,0.87,0,290.69,1328.99,55.0,None,0
2025-07-18,1,0.62,0,331.02,1569.15,68.0,None,0
2025-07-19,1,0.82,0,297.12,1400.29,60.0,None,0
2025-07-20,1,0.87,0,314.11,1305.88,42.0,None,0
2025-07-21,1,0.32,0,255.11,1518.76,55.0,None,0
2025-07-22,1,0.6,0,284.85,1495.98,42.0,None,0
2025-07-23,1,0.67,0,273.49,1389.55,55.0,None,0
2025-07-24,1,0.78,0,295.25,1412.88,59.0,None,0
2025-07-25,1,0.71,0,256.13,1498.71,62.0,None,0
2025-07-26,1,0.33,0,257.95,1427.18,54.0,None,0
2025-07-27,1,0.49,0,312.9,1512.68,44.0,None,0
2025-07-28,1,0.72,0,264.72,1572.44,56.0,None,0
2025-07-29,1,0.73,0,265.12,1345.74,63.0,None,0
2025-07-30,1,0.83,0,315.9,1319.87,64.0,None,0
2025-07-31,1,0.34,0,311.11,1472.18,42.0,None,0
2025-08-01,1,0.52,0,293.44,1470.65,51.0,None,0
2025-08-02,1,0.36,0,299.83,1514.97,47.0,None,0
2025-08-03,1,0.33,0,324.25,1383.69,54.0,None,0
2025-08-04,1,0.39,0,330.16,1554.73,57.0,None,0
2025-08-05,1,0.74,0,287.33,1407.32,52.0,None,0
2025-08-06,1,0.46,0,258.77,1422.6,55.0,None,0
2025-08-07,1,0.41,0,320.02,1592.87,69.0,None,0
2025-08-08,1,0.58,0,276.26,1556.15,50.0,None,0
2025-08-09,1,0.3,0,269.53,1479.15,49.0,None,0
2025-08-10,1,0.58,0,302.62,1460.7,63.0,None,0
2025-08-11,1,0.84,0,317.01,1392.64,40.0,None,0
2025-08-12,1,0.44,0,282.25,1559.6,66.0,None,0
2025-08-13,1,0.3,0,308.64,1563.47,62.0,None,0
2025-08-14,1,0.62,0,273.41,1464.94,42.0,None,0
2025-08-15,1,0.73,0,261.3,1586.14,67.0,None,0
2025-08-16,1,0.72,0,285.06,1602.3,43.0,None,0
2025-08-17,1,0.38,0,323.05,1351.53,57.0,None,0
2025-08-18,1,0.88,0,273.88,1404.78,49.0,None,0
2025-08-19,1,0.72,0,316.23,1421.89,48.0,None,0
2025-08-20,1,0.42,0,320.18,1497.88,45.0,None,0
2025-08-21,1,0.58,0,288.7,1485.34,69.0,None,0
2025-08-22,1,0.48,0,276.86,1369.52,45.0,None,0
2025-08-23,1,0.8,0,313.64,1348.19,65.0,None,0
2025-08-24,1,0.35,0,275.73,1438.08,55.0,None,0
2025-08-25,1,0.46,0,338.93,1347.69,52.0,None,0
2025-08-26,1,0.75,0,276.16,1470.32,64.0,None,0
2025-08-27,1,0.31,0,325.66,1618.42,44.0,None,0
2025-08-28,1,0.52,0,308.81,1524.21,57.0,None,0
2025-08-29,1,0.79,0,257.19,1361.34,67.0,None,0
2025-08-30,1,0.38,0,332.54,1578.85,50.0,Port Closure,1
2025-08-31,1,0.4,0,304.49,1577.9,52.0,Port Closure,3
2025-09-01,1,0.51,0,333.16,1424.18,53.0,None,0
2025-09-02,1,0.67,0,308.49,1530.88,55.0,None,0
2025-09-03,1,0.59,0,263.49,1457.06,53.0,None,0
2025-09-04,1,0.78,0,277.41,1631.78,56.0,Port Closure,6
2025-09-05,1,0.59,0,323.03,1448.23,57.0,None,0
2025-09-06,1,0.46,0,258.64,1521.36,41.0,None,0
2025-09-07,1,0.47,0,325.7,1486.82,51.0,None,0
2025-09-08,1,0.44,0,270.34,1424.19,47.0,None,0
2025-09-09,1,0.77,0,319.91,1572.5,68.0,None,0
2025-09-10,1,0.89,0,290.22,1622.56,70.0,None,0
2025-09-11,1,0.44,0,284.34,1567.51,51.0,None,0
2025-09-12,1,0.72,0,287.37,1520.0,44.0,None,0
2025-09-13,1,0.8,0,326.88,1636.37,56.0,None,0
2025-09-14,1,0.32,0,262.31,1532.07,41.0,None,0
2025-09-15,1,0.5,0,310.36,1591.92,50.0,None,0
2025-09-16,1,0.78,0,332.36,1379.0,44.0,None,0
2025-09-17,1,0.38,0,267.43,1513.98,51.0,None,0
2025-09-18,1,0.72,0,314.98,1532.29,50.0,None,0
2025-09-19,1,0.89,0,321.19,1490.6,59.0,None,0
2025-09-20,1,0.49,0,319.19,1527.72,67.0,None,0
2025-09-21,1,0.51,0,315.77,1601.56,51.0,None,0
2025-09-22,1,0.48,0,273.89,1368.71,61.0,None,0
2025-09-23,1,0.81,0,325.18,1532.82,45.0,None,0
2025-09-24,1,0.79,0,311.59,1554.81,43.0,None,0
2025-09-25,1,0.5,0,265.69,1471.45,50.0,None,0
2025-09-26,1,0.88,0,330.08,1565.95,62.0,None,0
2025-09-27,1,0.31,0,277.36,1573.84,51.0,None,0
2025-09-28,1,0.73,0,263.54,1501.26,53.0,None,0
2025-09-29,1,0.55,0,335.79,1477.21,51.0,None,0
2025-09-30,1,0.77,0,309.68,1596.29,47.0,None,0
2025-10-01,1,0.78,0,262.68,1383.42,48.0,None,0
2025-10-02,1,0.51,0,336.85,1425.34,42.0,None,0
2025-10-03,1,0.89,0,289.35,1665.87,67.0,None,0
2025-10-04,1,0.56,0,316.88,1557.27,53.0,None,0
2025-10-05,1,0.5,0,344.88,1500.83,57.0,None,0
2025-10-06,1,0.62,0,317.81,1469.4,43.0,None,0
2025-10-07,1,0.63,0,303.24,1399.74,40.0,None,0
2025-10-08,1,0.79,0,315.06,1524.95,43.0,None,0
2025-10-09,1,0.68,0,345.83,1524.13,43.0,None,0
2025-10-10,1,0.58,0,338.85,1464.38,59.0,None,0
2025-10-11,1,0.52,0,294.34,1442.57,41.0,None,0
2025-10-12,1,0.46,0,334.17,1554.1,45.0,None,0
2025-10-13,1,0.36,0,319.62,1626.66,52.0,None,0
2025-10-14,1,0.44,0,266.86,1504.56,56.0,None,0
2025-10-15,1,0.71,0,343.35,1560.09,47.0,None,0
2025-10-16,1,0.54,0,336.33,1403.46,57.0,None,0
2025-10-17,1,0.64,0,347.75,1437.6,68.0,None,0
2025-10-18,1,0.87,0,276.68,1457.6,46.0,Strike,7
2025-10-19,1,0.42,0,334.11,1439.88,58.0,None,0
2025-10-20,1,0.74,0,332.95,1423.05,57.0,None,0
2025-10-21,1,0.81,0,307.96,1668.53,40.0,None,0
2025-10-22,1,0.65,0,331.05,1432.69,44.0,None,0
2025-10-23,1,0.65,0,347.26,1430.13,43.0,None,0
2025-10-24,1,0.77,0,338.91,1661.34,66.0,None,0
2025-10-25,1,0.69,0,313.18,1542.37,45.0,None,0
2025-10-26,1,0.67,0,322.88,1522.44,52.0,None,0
2025-10-27,1,0.71,0,267.62,1545.31,48.0,None,0
2025-10-28,1,0.5,0,333.12,1497.84,65.0,None,0
2025-10-29,1,0.71,0,349.0,1474.37,49.0,None,0
2025-10-30,1,0.76,0,291.9,1623.92,58.0,None,0
2025-10-31,1,0.57,0,344.17,1529.72,55.0,None,0
2025-11-01,0,0.21,0,268.92,1644.94,25.0,None,0
2025-11-02,0,0.22,0,332.82,1566.78,34.0,None,0
2025-11-03,0,0.36,0,281.92,1429.21,25.0,None,0
2025-11-04,0,0.21,0,281.92,1522.71,32.0,None,0
2025-11-05,0,0.38,0,324.57,1486.2,33.0,None,0
2025-11-06,0,0.39,0,306.51,1579.48,30.0,None,0
2025-11-07,0,0.18,0,338.11,1443.21,24.0,Customs Delay,4
2025-11-08,0,0.36,0,322.08,1619.52,29.0,None,0
2025-11-09,0,0.11,0,333.99,1647.55,24.0,None,0
2025-11-10,0,0.29,0,318.32,1421.92,29.0,None,0
2025-11-11,0,0.19,0,350.84,1612.65,32.0,None,0
2025-11-12,0,0.2,0,287.75,1561.15,36.0,None,0
2025-11-13,0,0.22,0,274.65,1575.72,36.0,None,0
2025-11-14,0,0.21,0,323.06,1606.11,29.0,None,0
2025-11-15,0,0.12,0,353.45,1616.75,40.0,None,0
2025-11-16,0,0.31,0,345.12,1515.34,27.0,None,0
2025-11-17,0,0.37,0,337.58,1667.71,35.0,None,0
2025-11-18,0,0.3,0,330.28,1624.76,42.0,None,0
2025-11-19,0,0.23,0,300.88,1439.42,37.0,None,0
2025-11-20,0,0.16,0,331.09,1496.78,34.0,None,0
2025-11-21,0,0.37,0,326.39,1583.71,39.0,None,0
2025-11-22,0,0.36,0,282.91,1461.36,26.0,None,0
2025-11-23,0,0.34,0,334.82,1488.21,36.0,None,0
2025-11-24,0,0.13,0,298.7,1658.7,30.0,None,0
2025-11-25,0,0.2,0,290.42,1523.91,39.0,None,0
2025-11-26,0,0.36,0,319.35,1721.61,25.0,None,0
2025-11-27,0,0.25,0,344.83,1552.64,29.0,None,0
2025-11-28,0,0.36,0,279.87,1498.85,31.0,None,0
2025-11-29,0,0.37,0,308.59,1535.11,37.0,None,0
2025-11-30,0,0.25,0,324.23,1493.91,35.0,Political Unrest,4
2025-12-01,0,0.33,1,283.08,1673.31,49.0,None,0
2025-12-02,0,0.13,1,323.08,1634.75,47.0,None,0
2025-12-03,0,0.21,1,271.66,1504.03,46.0,Political Unrest,9
2025-12-04,0,0.16,1,328.98,1635.05,43.0,None,0
2025-12-05,0,0.2,1,280.1,1562.24,52.0,None,0
2025-12-06,0,0.35,1,295.4,1535.13,56.0,None,0
2025-12-07,0,0.2,1,348.4,1750.99,45.0,None,0
2025-12-08,0,0.21,1,285.86,1737.8,61.0,None,0
2025-12-09,0,0.17,1,334.33,1489.74,56.0,None,0
2025-12-10,0,0.15,1,302.13,1649.43,37.0,None,0
2025-12-11,0,0.18,1,317.38,1466.64,63.0,None,0
2025-12-12,0,0.3,1,271.28,1663.8,47.0,None,0
2025-12-13,0,0.26,1,312.28,1500.75,55.0,None,0
2025-12-14,0,0.19,1,329.28,1657.84,43.0,None,0
2025-12-15,0,0.14,1,344.64,1488.13,55.0,None,0
2025-12-16,0,0.13,1,279.61,1517.95,41.0,None,0
2025-12-17,0,0.26,1,288.34,1673.99,44.0,Port Closure,4
2025-12-18,0,0.31,1,313.63,1531.14,36.0,None,0
2025-12-19,0,0.13,1,322.21,1612.04,62.0,None,0
2025-12-20,0,0.12,1,335.85,1739.52,53.0,None,0
2025-12-21,0,0.39,1,294.55,1477.66,58.0,None,0
2025-12-22,0,0.36,1,303.38,1671.77,48.0,None,0
2025-12-23,0,0.36,1,351.41,1467.31,40.0,None,0
2025-12-24,0,0.2,1,351.97,1760.02,43.0,None,0
2025-12-25,0,0.21,1,302.25,1501.56,47.0,None,0
2025-12-26,0,0.35,1,333.81,1615.21,47.0,None,0
2025-12-27,0,0.15,1,283.52,1693.09,63.0,None,0
2025-12-28,0,0.13,1,354.18,1618.88,51.0,None,0
2025-12-29,0,0.28,1,342.39,1659.88,59.0,None,0
2025-12-30,0,0.32,1,352.77,1621.31,49.0,None,0
2025-12-31,0,0.23,1,277.81,1675.76,36.0,None,0
2026-01-01,0,0.26,1,339.68,1698.29,42.0,None,0
2026-01-02,0,0.36,1,319.46,1688.47,53.0,None,0
2026-01-03,0,0.32,1,316.25,1682.04,53.0,None,0
2026-01-04,0,0.35,1,353.67,1667.44,36.0,None,0
2026-01-05,0,0.25,1,315.41,1632.19,40.0,None,0
2026-01-06,0,0.2,1,302.98,1565.57,50.0,None,0
2026-01-07,0,0.21,1,347.38,1504.57,48.0,None,0
2026-01-08,0,0.13,1,318.53,1579.6,62.0,None,0
2026-01-09,0,0.11,1,310.04,1493.28,51.0,None,0
2026-01-10,0,0.34,1,361.2,1682.2,60.0,None,0
2026-01-11,0,0.3,1,315.15,1590.69,58.0,None,0
2026-01-12,0,0.35,1,303.98,1725.19,52.0,None,0
2026-01-13,0,0.21,1,315.13,1516.76,54.0,Political Unrest,5
2026-01-14,0,0.26,1,308.1,1520.61,60.0,None,0
2026-01-15,0,0.35,1,341.93,1616.59,43.0,None,0
2026-01-16,0,0.14,1,352.13,1557.01,58.0,None,0
2026-01-17,0,0.2,1,343.61,1505.05,53.0,None,0
2026-01-18,0,0.14,1,356.1,1635.12,52.0,None,0
2026-01-19,0,0.39,1,275.03,1723.88,51.0,None,0
2026-01-20,0,0.28,1,359.43,1739.19,61.0,None,0
2026-01-21,0,0.15,1,349.61,1527.22,54.0,None,0
2026-01-22,0,0.2,1,355.85,1627.51,52.0,None,0
2026-01-23,0,0.17,1,311.67,1604.76,44.0,None,0
2026-01-24,0,0.14,1,330.6,1777.28,50.0,None,0
2026-01-25,0,0.26,1,304.27,1731.31,51.0,None,0
2026-01-26,0,0.16,1,341.2,1716.66,61.0,None,0
2026-01-27,0,0.31,1,365.34,1557.09,51.0,None,0
2026-01-28,0,0.31,1,345.8,1679.74,52.0,None,0
2026-01-29,0,0.31,1,338.01,1785.83,50.0,None,0
2026-01-30,0,0.23,1,277.3,1537.75,46.0,None,0
2026-01-31,0,0.12,1,300.84,1753.99,63.0,None,0
2026-02-01,0,0.14,0,282.11,1754.83,28.0,None,0
2026-02-02,0,0.21,0,318.24,1702.67,36.0,None,0
2026-02-03,0,0.17,0,336.34,1631.7,33.0,None,0
2026-02-04,0,0.31,0,340.73,1524.19,31.0,None,0
2026-02-05,0,0.34,0,340.18,1817.41,25.0,None,0
2026-02-06,0,0.16,0,357.31,1785.13,32.0,None,0
2026-02-07,0,0.29,0,342.76,1629.49,35.0,None,0
2026-02-08,0,0.16,0,344.35,1575.1,32.0,None,0
2026-02-09,0,0.12,0,366.49,1748.86,26.0,Political Unrest,9
2026-02-10,0,0.18,0,292.5,1785.46,24.0,None,0
2026-02-11,0,0.38,0,281.44,1813.07,35.0,None,0
2026-02-12,0,0.29,0,355.97,1613.84,38.0,None,0
2026-02-13,0,0.12,0,343.59,1686.65,41.0,None,0
2026-02-14,0,0.34,0,292.92,1693.47,31.0,None,0
2026-02-15,0,0.37,0,339.81,1626.75,29.0,None,0
2026-02-16,0,0.29,0,322.48,1701.65,38.0,None,0
2026-02-17,0,0.13,0,310.68,1599.91,36.0,None,0
2026-02-18,0,0.17,0,282.39,1808.03,31.0,None,0
2026-02-19,0,0.13,0,302.67,1757.37,24.0,None,0
2026-02-20,0,0.33,0,326.78,1689.42,33.0,None,0
2026-02-21,0,0.3,0,308.89,1553.5,26.0,None,0
2026-02-22,0,0.33,0,328.85,1729.76,28.0,None,0
2026-02-23,0,0.16,0,343.18,1798.14,28.0,None,0
2026-02-24,0,0.36,0,348.57,1670.37,39.0,None,0
2026-02-25,0,0.31,0,281.84,1762.3,25.0,None,0
2026-02-26,0,0.15,0,303.26,1554.98,39.0,None,0
2026-02-27,0,0.22,0,321.99,1663.86,30.0,None,0
2026-02-28,0,0.14,0,280.59,1767.01,25.0,None,0
2026-03-01,0,0.11,0,359.39,1651.01,33.0,None,0
2026-03-02,0,0.31,0,336.98,1627.49,41.0,None,0
2026-03-03,0,0.35,0,283.32,1588.08,28.0,None,0
